agency_id,agency_name,location_id
1,Syracuse Police Department ,1
2,Los Angelos Police Deparment,2
3,Chicago Police Department,3
4,Denver Police Department ,4
5,Los Angelos County Sheriff's Office,2
6,Hillsdale Police Department,5
7,Joilette Police Department,6
8,Madison County Sheriff's Office,7
9,Oaklahoma Highway Patrol,8
10,Tampa Police Department ,9
11,Kansas City Police Department ,10
12,Fort Worth Police Department ,11
13,Newport News Police Department,12
14,Bristol Police Department ,13
15,New Jersey State Police,14
16,Vallejo Police Department ,15